{
  "monitor": {
    "TV": 0.255,
    "CABLE": 0.425,
    "RADIO": 0.425,
    "REVISTA": 0.14875,
    "DIARIOS": 0.14875
  }
}
